ISO3,Country,Residence / Facility Type,Service Type,Year,Coverage,Population,Service level
BRA,Brazil,total,Environmental cleaning,2000,100,175873728,Insufficient data
BRA,Brazil,urban,Environmental cleaning,2000,100,142795392,Insufficient data
BRA,Brazil,rural,Environmental cleaning,2000,100,33078332,Insufficient data
BRA,Brazil,hospital,Environmental cleaning,2000,100,175873728,Insufficient data
BRA,Brazil,non_hospital,Environmental cleaning,2000,100,175873728,Insufficient data
BRA,Brazil,government,Environmental cleaning,2000,100,175873728,Insufficient data
BRA,Brazil,non_government,Environmental cleaning,2000,100,175873728,Insufficient data
BRA,Brazil,total,Hygiene,2000,100,175873728,Insufficient data
BRA,Brazil,urban,Hygiene,2000,100,142795392,Insufficient data
BRA,Brazil,rural,Hygiene,2000,100,33078332,Insufficient data
BRA,Brazil,hospital,Hygiene,2000,100,175873728,Insufficient data
BRA,Brazil,non_hospital,Hygiene,2000,100,175873728,Insufficient data
BRA,Brazil,government,Hygiene,2000,100,175873728,Insufficient data
BRA,Brazil,non_government,Hygiene,2000,100,175873728,Insufficient data
BRA,Brazil,total,Sanitation,2000,81.94983,144128212.60624,Insufficient data
BRA,Brazil,urban,Sanitation,2000,100,142795392,Insufficient data
BRA,Brazil,rural,Sanitation,2000,100,33078332,Insufficient data
BRA,Brazil,hospital,Sanitation,2000,100,175873728,Insufficient data
BRA,Brazil,non_hospital,Sanitation,2000,100,175873728,Insufficient data
BRA,Brazil,government,Sanitation,2000,81.75595,143787237.12682,Insufficient data
BRA,Brazil,non_government,Sanitation,2000,85.19633,149837952.8965,Insufficient data
BRA,Brazil,total,Water,2000,100,175873728,Insufficient data
BRA,Brazil,urban,Water,2000,100,142795392,Insufficient data
BRA,Brazil,rural,Water,2000,100,33078332,Insufficient data
BRA,Brazil,hospital,Water,2000,100,175873728,Insufficient data
BRA,Brazil,non_hospital,Water,2000,100,175873728,Insufficient data
BRA,Brazil,government,Water,2000,100,175873728,Insufficient data
BRA,Brazil,non_government,Water,2000,100,175873728,Insufficient data
BRA,Brazil,total,Health care waste,2000,73.68461,129591871.99526,Insufficient data
BRA,Brazil,urban,Health care waste,2000,100,142795392,Insufficient data
BRA,Brazil,rural,Health care waste,2000,100,33078332,Insufficient data
BRA,Brazil,hospital,Health care waste,2000,100,175873728,Insufficient data
BRA,Brazil,non_hospital,Health care waste,2000,100,175873728,Insufficient data
BRA,Brazil,government,Health care waste,2000,77.56094,136409322.35386,Insufficient data
BRA,Brazil,non_government,Health care waste,2000,67.40887,118554488.39366,Insufficient data
BRA,Brazil,total,Sanitation,2000,18.05017,31745515.39376,No service
BRA,Brazil,government,Sanitation,2000,18.24405,32086490.87318,No service
BRA,Brazil,non_government,Sanitation,2000,14.80368,26035775.1035,No service
BRA,Brazil,total,Health care waste,2000,26.31539,46281856.00474,No service
BRA,Brazil,government,Health care waste,2000,22.43906,39464405.64614,No service
BRA,Brazil,non_government,Health care waste,2000,32.59113,57319239.60634,No service
BRA,Brazil,total,Environmental cleaning,2001,100,178211888,Insufficient data
BRA,Brazil,urban,Environmental cleaning,2001,100,145337136,Insufficient data
BRA,Brazil,rural,Environmental cleaning,2001,100,32874746,Insufficient data
BRA,Brazil,hospital,Environmental cleaning,2001,100,178211888,Insufficient data
BRA,Brazil,non_hospital,Environmental cleaning,2001,100,178211888,Insufficient data
BRA,Brazil,government,Environmental cleaning,2001,100,178211888,Insufficient data
BRA,Brazil,non_government,Environmental cleaning,2001,100,178211888,Insufficient data
BRA,Brazil,total,Hygiene,2001,100,178211888,Insufficient data
BRA,Brazil,urban,Hygiene,2001,100,145337136,Insufficient data
BRA,Brazil,rural,Hygiene,2001,100,32874746,Insufficient data
BRA,Brazil,hospital,Hygiene,2001,100,178211888,Insufficient data
BRA,Brazil,non_hospital,Hygiene,2001,100,178211888,Insufficient data
BRA,Brazil,government,Hygiene,2001,100,178211888,Insufficient data
BRA,Brazil,non_government,Hygiene,2001,100,178211888,Insufficient data
BRA,Brazil,total,Sanitation,2001,81.94983,146044330.63831,Insufficient data
BRA,Brazil,urban,Sanitation,2001,100,145337136,Insufficient data
BRA,Brazil,rural,Sanitation,2001,100,32874746,Insufficient data
BRA,Brazil,hospital,Sanitation,2001,100,178211888,Insufficient data
BRA,Brazil,non_hospital,Sanitation,2001,100,178211888,Insufficient data
BRA,Brazil,government,Sanitation,2001,81.75595,145698822.04734,Insufficient data
BRA,Brazil,non_government,Sanitation,2001,85.19633,151829979.28912,Insufficient data
BRA,Brazil,total,Water,2001,100,178211888,Insufficient data
BRA,Brazil,urban,Water,2001,100,145337136,Insufficient data
BRA,Brazil,rural,Water,2001,100,32874746,Insufficient data
BRA,Brazil,hospital,Water,2001,100,178211888,Insufficient data
BRA,Brazil,non_hospital,Water,2001,100,178211888,Insufficient data
BRA,Brazil,government,Water,2001,100,178211888,Insufficient data
BRA,Brazil,non_government,Water,2001,100,178211888,Insufficient data
BRA,Brazil,total,Health care waste,2001,74.50348,132774065.07686,Insufficient data
BRA,Brazil,urban,Health care waste,2001,100,145337136,Insufficient data
BRA,Brazil,rural,Health care waste,2001,100,32874746,Insufficient data
BRA,Brazil,hospital,Health care waste,2001,100,178211888,Insufficient data
BRA,Brazil,non_hospital,Health care waste,2001,100,178211888,Insufficient data
BRA,Brazil,government,Health care waste,2001,78.67884,140215037.55073,Insufficient data
BRA,Brazil,non_government,Health care waste,2001,68.02195,121223198.94115,Insufficient data
BRA,Brazil,total,Sanitation,2001,18.05017,32167557.36169,No service
BRA,Brazil,government,Sanitation,2001,18.24405,32513065.95266,No service
BRA,Brazil,non_government,Sanitation,2001,14.80368,26381908.71088,No service
BRA,Brazil,total,Health care waste,2001,25.49652,45437822.92314,No service
BRA,Brazil,government,Health care waste,2001,21.32116,37996850.44927,No service
BRA,Brazil,non_government,Health care waste,2001,31.97805,56988689.05885,No service
BRA,Brazil,total,Environmental cleaning,2002,100,180476688,Insufficient data
BRA,Brazil,urban,Environmental cleaning,2002,100,147774320,Insufficient data
BRA,Brazil,rural,Environmental cleaning,2002,100,32702380,Insufficient data
BRA,Brazil,hospital,Environmental cleaning,2002,100,180476688,Insufficient data
BRA,Brazil,non_hospital,Environmental cleaning,2002,100,180476688,Insufficient data
BRA,Brazil,government,Environmental cleaning,2002,100,180476688,Insufficient data
BRA,Brazil,non_government,Environmental cleaning,2002,100,180476688,Insufficient data
BRA,Brazil,total,Hygiene,2002,100,180476688,Insufficient data
BRA,Brazil,urban,Hygiene,2002,100,147774320,Insufficient data
BRA,Brazil,rural,Hygiene,2002,100,32702380,Insufficient data
BRA,Brazil,hospital,Hygiene,2002,100,180476688,Insufficient data
BRA,Brazil,non_hospital,Hygiene,2002,100,180476688,Insufficient data
BRA,Brazil,government,Hygiene,2002,100,180476688,Insufficient data
BRA,Brazil,non_government,Hygiene,2002,100,180476688,Insufficient data
BRA,Brazil,total,Sanitation,2002,81.94983,147900330.27863,Insufficient data
BRA,Brazil,urban,Sanitation,2002,100,147774320,Insufficient data
BRA,Brazil,rural,Sanitation,2002,100,32702380,Insufficient data
BRA,Brazil,hospital,Sanitation,2002,100,180476688,Insufficient data
BRA,Brazil,non_hospital,Sanitation,2002,100,180476688,Insufficient data
BRA,Brazil,government,Sanitation,2002,81.75595,147550430.80294,Insufficient data
BRA,Brazil,non_government,Sanitation,2002,85.19633,153759505.65772,Insufficient data
BRA,Brazil,total,Water,2002,100,180476688,Insufficient data
BRA,Brazil,urban,Water,2002,100,147774320,Insufficient data
BRA,Brazil,rural,Water,2002,100,32702380,Insufficient data
BRA,Brazil,hospital,Water,2002,100,180476688,Insufficient data
BRA,Brazil,non_hospital,Water,2002,100,180476688,Insufficient data
BRA,Brazil,government,Water,2002,100,180476688,Insufficient data
BRA,Brazil,non_government,Water,2002,100,180476688,Insufficient data
BRA,Brazil,total,Health care waste,2002,75.32236,135939294.79814,Insufficient data
BRA,Brazil,urban,Health care waste,2002,100,147774320,Insufficient data
BRA,Brazil,rural,Health care waste,2002,100,32702380,Insufficient data
BRA,Brazil,hospital,Health care waste,2002,100,180476688,Insufficient data
BRA,Brazil,non_hospital,Health care waste,2002,100,180476688,Insufficient data
BRA,Brazil,government,Health care waste,2002,79.79673,144014490.07078,Insufficient data
BRA,Brazil,non_government,Health care waste,2002,68.63503,123870228.46403,Insufficient data
BRA,Brazil,total,Sanitation,2002,18.05017,32576357.72137,No service
BRA,Brazil,government,Sanitation,2002,18.24405,32926257.19706,No service
BRA,Brazil,non_government,Sanitation,2002,14.80368,26717182.34228,No service
BRA,Brazil,total,Health care waste,2002,24.67764,44537393.20186,No service
BRA,Brazil,government,Health care waste,2002,20.20327,36462197.92922,No service
BRA,Brazil,non_government,Health care waste,2002,31.36497,56606459.53597,No service
BRA,Brazil,total,Environmental cleaning,2003,100,182629280,Insufficient data
BRA,Brazil,urban,Environmental cleaning,2003,100,150126752,Insufficient data
BRA,Brazil,rural,Environmental cleaning,2003,100,32502532,Insufficient data
BRA,Brazil,hospital,Environmental cleaning,2003,100,182629280,Insufficient data
BRA,Brazil,non_hospital,Environmental cleaning,2003,100,182629280,Insufficient data
BRA,Brazil,government,Environmental cleaning,2003,100,182629280,Insufficient data
BRA,Brazil,non_government,Environmental cleaning,2003,100,182629280,Insufficient data
BRA,Brazil,total,Hygiene,2003,100,182629280,Insufficient data
BRA,Brazil,urban,Hygiene,2003,100,150126752,Insufficient data
BRA,Brazil,rural,Hygiene,2003,100,32502532,Insufficient data
BRA,Brazil,hospital,Hygiene,2003,100,182629280,Insufficient data
BRA,Brazil,non_hospital,Hygiene,2003,100,182629280,Insufficient data
BRA,Brazil,government,Hygiene,2003,100,182629280,Insufficient data
BRA,Brazil,non_government,Hygiene,2003,100,182629280,Insufficient data
BRA,Brazil,total,Sanitation,2003,81.94983,149664375.65914,Insufficient data
BRA,Brazil,urban,Sanitation,2003,100,150126752,Insufficient data
BRA,Brazil,rural,Sanitation,2003,100,32502532,Insufficient data
BRA,Brazil,hospital,Sanitation,2003,100,182629280,Insufficient data
BRA,Brazil,non_hospital,Sanitation,2003,100,182629280,Insufficient data
BRA,Brazil,government,Sanitation,2003,81.75595,149310302.84216,Insufficient data
BRA,Brazil,non_government,Sanitation,2003,85.19633,155593434.93396,Insufficient data
BRA,Brazil,total,Water,2003,100,182629280,Insufficient data
BRA,Brazil,urban,Water,2003,100,150126752,Insufficient data
BRA,Brazil,rural,Water,2003,100,32502532,Insufficient data
BRA,Brazil,hospital,Water,2003,100,182629280,Insufficient data
BRA,Brazil,non_hospital,Water,2003,100,182629280,Insufficient data
BRA,Brazil,government,Water,2003,100,182629280,Insufficient data
BRA,Brazil,non_government,Water,2003,100,182629280,Insufficient data
BRA,Brazil,total,Health care waste,2003,76.14123,139056179.63855,Insufficient data
BRA,Brazil,urban,Health care waste,2003,100,150126752,Insufficient data
BRA,Brazil,rural,Health care waste,2003,100,32502532,Insufficient data
BRA,Brazil,hospital,Health care waste,2003,100,182629280,Insufficient data
BRA,Brazil,non_hospital,Health care waste,2003,100,182629280,Insufficient data
BRA,Brazil,government,Health care waste,2003,80.91462,147773785.94637,Insufficient data
BRA,Brazil,non_government,Health care waste,2003,69.24811,126467326.18739,Insufficient data
BRA,Brazil,total,Sanitation,2003,18.05017,32964904.34086,No service
BRA,Brazil,government,Sanitation,2003,18.24405,33318977.15784,No service
BRA,Brazil,non_government,Sanitation,2003,14.80368,27035845.06604,No service
BRA,Brazil,total,Health care waste,2003,23.85877,43573100.36145,No service
BRA,Brazil,government,Health care waste,2003,19.08538,34855494.05363,No service
BRA,Brazil,non_government,Health care waste,2003,30.75189,56161953.81261,No service
BRA,Brazil,total,Environmental cleaning,2004,100,184722048,Insufficient data
BRA,Brazil,urban,Environmental cleaning,2004,100,152434464,Insufficient data
BRA,Brazil,rural,Environmental cleaning,2004,100,32287570,Insufficient data
BRA,Brazil,hospital,Environmental cleaning,2004,100,184722048,Insufficient data
BRA,Brazil,non_hospital,Environmental cleaning,2004,100,184722048,Insufficient data
BRA,Brazil,government,Environmental cleaning,2004,100,184722048,Insufficient data
BRA,Brazil,non_government,Environmental cleaning,2004,100,184722048,Insufficient data
BRA,Brazil,total,Hygiene,2004,100,184722048,Insufficient data
BRA,Brazil,urban,Hygiene,2004,100,152434464,Insufficient data
BRA,Brazil,rural,Hygiene,2004,100,32287570,Insufficient data
BRA,Brazil,hospital,Hygiene,2004,100,184722048,Insufficient data
BRA,Brazil,non_hospital,Hygiene,2004,100,184722048,Insufficient data
BRA,Brazil,government,Hygiene,2004,100,184722048,Insufficient data
BRA,Brazil,non_government,Hygiene,2004,100,184722048,Insufficient data
BRA,Brazil,total,Sanitation,2004,83.33632,153940553.50753,Insufficient data
BRA,Brazil,urban,Sanitation,2004,100,152434464,Insufficient data
BRA,Brazil,rural,Sanitation,2004,100,32287570,Insufficient data
BRA,Brazil,hospital,Sanitation,2004,100,184722048,Insufficient data
BRA,Brazil,non_hospital,Sanitation,2004,100,184722048,Insufficient data
BRA,Brazil,government,Sanitation,2004,82.99242,153305307.14486,Insufficient data
BRA,Brazil,non_government,Sanitation,2004,85.62849,158174695.78142,Insufficient data
BRA,Brazil,total,Water,2004,100,184722048,Insufficient data
BRA,Brazil,urban,Water,2004,100,152434464,Insufficient data
BRA,Brazil,rural,Water,2004,100,32287570,Insufficient data
BRA,Brazil,hospital,Water,2004,100,184722048,Insufficient data
BRA,Brazil,non_hospital,Water,2004,100,184722048,Insufficient data
BRA,Brazil,government,Water,2004,100,184722048,Insufficient data
BRA,Brazil,non_government,Water,2004,100,184722048,Insufficient data
BRA,Brazil,total,Health care waste,2004,76.9601,142162277.85534,Insufficient data
BRA,Brazil,urban,Health care waste,2004,100,152434464,Insufficient data
BRA,Brazil,rural,Health care waste,2004,100,32287570,Insufficient data
BRA,Brazil,hospital,Health care waste,2004,100,184722048,Insufficient data
BRA,Brazil,non_hospital,Health care waste,2004,100,184722048,Insufficient data
BRA,Brazil,government,Health care waste,2004,82.03251,151532133.99555,Insufficient data
BRA,Brazil,non_government,Health care waste,2004,69.86119,129049024.41991,Insufficient data
BRA,Brazil,total,Sanitation,2004,16.66368,30781494.49247,No service
BRA,Brazil,government,Sanitation,2004,17.00758,31416740.85514,No service
BRA,Brazil,non_government,Sanitation,2004,14.37151,26547352.21858,No service
BRA,Brazil,total,Health care waste,2004,23.0399,42559770.14466,No service
BRA,Brazil,government,Health care waste,2004,17.96749,33189914.00445,No service
BRA,Brazil,non_government,Health care waste,2004,30.13881,55673023.58009,No service
BRA,Brazil,total,Environmental cleaning,2005,100,186797328,Insufficient data
BRA,Brazil,urban,Environmental cleaning,2005,100,154731696,Insufficient data
BRA,Brazil,rural,Environmental cleaning,2005,100,32065630,Insufficient data
BRA,Brazil,hospital,Environmental cleaning,2005,100,186797328,Insufficient data
BRA,Brazil,non_hospital,Environmental cleaning,2005,100,186797328,Insufficient data
BRA,Brazil,government,Environmental cleaning,2005,100,186797328,Insufficient data
BRA,Brazil,non_government,Environmental cleaning,2005,100,186797328,Insufficient data
BRA,Brazil,total,Hygiene,2005,100,186797328,Insufficient data
BRA,Brazil,urban,Hygiene,2005,100,154731696,Insufficient data
BRA,Brazil,rural,Hygiene,2005,100,32065630,Insufficient data
BRA,Brazil,hospital,Hygiene,2005,100,186797328,Insufficient data
BRA,Brazil,non_hospital,Hygiene,2005,100,186797328,Insufficient data
BRA,Brazil,government,Hygiene,2005,100,186797328,Insufficient data
BRA,Brazil,non_government,Hygiene,2005,100,186797328,Insufficient data
BRA,Brazil,total,Sanitation,2005,84.72281,158259947.19136,Insufficient data
BRA,Brazil,urban,Sanitation,2005,100,154731696,Insufficient data
BRA,Brazil,rural,Sanitation,2005,100,32065630,Insufficient data
BRA,Brazil,hospital,Sanitation,2005,100,186797328,Insufficient data
BRA,Brazil,non_hospital,Sanitation,2005,100,186797328,Insufficient data
BRA,Brazil,government,Sanitation,2005,84.2289,157337334.60379,Insufficient data
BRA,Brazil,non_government,Sanitation,2005,86.06065,160758994.65943,Insufficient data
BRA,Brazil,total,Water,2005,100,186797328,Insufficient data
BRA,Brazil,urban,Water,2005,100,154731696,Insufficient data
BRA,Brazil,rural,Water,2005,100,32065630,Insufficient data
BRA,Brazil,hospital,Water,2005,100,186797328,Insufficient data
BRA,Brazil,non_hospital,Water,2005,100,186797328,Insufficient data
BRA,Brazil,government,Water,2005,100,186797328,Insufficient data
BRA,Brazil,non_government,Water,2005,100,186797328,Insufficient data
BRA,Brazil,total,Health care waste,2005,77.77898,145289048.30793,Insufficient data
BRA,Brazil,urban,Health care waste,2005,100,154731696,Insufficient data
BRA,Brazil,rural,Health care waste,2005,100,32065630,Insufficient data
BRA,Brazil,hospital,Health care waste,2005,100,186797328,Insufficient data
BRA,Brazil,non_hospital,Health care waste,2005,100,186797328,Insufficient data
BRA,Brazil,government,Health care waste,2005,83.1504,155322730.46989,Insufficient data
BRA,Brazil,non_government,Health care waste,2005,70.47427,131644058.84094,Insufficient data
BRA,Brazil,total,Sanitation,2005,15.27719,28537380.80864,No service
BRA,Brazil,government,Sanitation,2005,15.7711,29459993.39621,No service
BRA,Brazil,non_government,Sanitation,2005,13.93935,26038333.34057,No service
BRA,Brazil,total,Health care waste,2005,22.22102,41508279.69207,No service
BRA,Brazil,government,Health care waste,2005,16.8496,31474597.53011,No service
BRA,Brazil,non_government,Health care waste,2005,29.52573,55153269.15906,No service
BRA,Brazil,total,Sanitation,2006,12.01089,22679051.59258,Basic service
BRA,Brazil,non_hospital,Sanitation,2006,32.30508,60998680.60897,Basic service
BRA,Brazil,total,Sanitation,2006,74.09841,139913128.55285,Limited service
BRA,Brazil,non_hospital,Sanitation,2006,64.86785,122483920.66081,Limited service
BRA,Brazil,total,Environmental cleaning,2006,100,188820688,Insufficient data
BRA,Brazil,urban,Environmental cleaning,2006,100,156991184,Insufficient data
BRA,Brazil,rural,Environmental cleaning,2006,100,31829498,Insufficient data
BRA,Brazil,hospital,Environmental cleaning,2006,100,188820688,Insufficient data
BRA,Brazil,non_hospital,Environmental cleaning,2006,100,188820688,Insufficient data
BRA,Brazil,government,Environmental cleaning,2006,100,188820688,Insufficient data
BRA,Brazil,non_government,Environmental cleaning,2006,100,188820688,Insufficient data
BRA,Brazil,total,Hygiene,2006,100,188820688,Insufficient data
BRA,Brazil,urban,Hygiene,2006,100,156991184,Insufficient data
BRA,Brazil,rural,Hygiene,2006,100,31829498,Insufficient data
BRA,Brazil,hospital,Hygiene,2006,100,188820688,Insufficient data
BRA,Brazil,non_hospital,Hygiene,2006,100,188820688,Insufficient data
BRA,Brazil,government,Hygiene,2006,100,188820688,Insufficient data
BRA,Brazil,non_government,Hygiene,2006,100,188820688,Insufficient data
BRA,Brazil,total,Sanitation,2006,0,0,Insufficient data
BRA,Brazil,urban,Sanitation,2006,100,156991184,Insufficient data
BRA,Brazil,rural,Sanitation,2006,100,31829498,Insufficient data
BRA,Brazil,hospital,Sanitation,2006,100,188820688,Insufficient data
BRA,Brazil,non_hospital,Sanitation,2006,0,0,Insufficient data
BRA,Brazil,government,Sanitation,2006,85.46538,161376309.07678,Insufficient data
BRA,Brazil,non_government,Sanitation,2006,86.49281,163316323.63305,Insufficient data
BRA,Brazil,total,Water,2006,100,188820688,Insufficient data
BRA,Brazil,urban,Water,2006,100,156991184,Insufficient data
BRA,Brazil,rural,Water,2006,100,31829498,Insufficient data
BRA,Brazil,hospital,Water,2006,100,188820688,Insufficient data
BRA,Brazil,non_hospital,Water,2006,100,188820688,Insufficient data
BRA,Brazil,government,Water,2006,100,188820688,Insufficient data
BRA,Brazil,non_government,Water,2006,100,188820688,Insufficient data
BRA,Brazil,total,Health care waste,2006,78.59785,148408998.57158,Insufficient data
BRA,Brazil,urban,Health care waste,2006,100,156991184,Insufficient data
BRA,Brazil,rural,Health care waste,2006,100,31829498,Insufficient data
BRA,Brazil,hospital,Health care waste,2006,100,188820688,Insufficient data
BRA,Brazil,non_hospital,Health care waste,2006,100,188820688,Insufficient data
BRA,Brazil,government,Health care waste,2006,84.26829,159115973.61938,Insufficient data
BRA,Brazil,non_government,Health care waste,2006,71.08735,134227631.00586,Insufficient data
BRA,Brazil,total,Sanitation,2006,13.8907,26228507.85457,No service
BRA,Brazil,non_hospital,Sanitation,2006,2.82707,5338086.73022,No service
BRA,Brazil,government,Sanitation,2006,14.53462,27444378.92322,No service
BRA,Brazil,non_government,Sanitation,2006,13.50719,25504364.36695,No service
BRA,Brazil,total,Health care waste,2006,21.40215,40411689.42842,No service
BRA,Brazil,government,Health care waste,2006,15.73171,29704714.38062,No service
BRA,Brazil,non_government,Health care waste,2006,28.91265,54593056.99414,No service
BRA,Brazil,total,Sanitation,2009,21.06622,40977488.21251,Basic service
BRA,Brazil,non_hospital,Sanitation,2009,32.30508,62839057.27156,Basic service
BRA,Brazil,total,Water,2009,88.8849,172896731.57765,Basic service
BRA,Brazil,non_hospital,Water,2009,88.8849,172896731.57765,Basic service
BRA,Brazil,total,Sanitation,2009,69.20257,134611138.17459,Limited service
BRA,Brazil,non_hospital,Sanitation,2009,64.86785,126179353.85503,Limited service
BRA,Brazil,total,Environmental cleaning,2009,100,194517552,Insufficient data
BRA,Brazil,urban,Environmental cleaning,2009,100,163480336,Insufficient data
BRA,Brazil,rural,Environmental cleaning,2009,100,31037224,Insufficient data
BRA,Brazil,hospital,Environmental cleaning,2009,100,194517552,Insufficient data
BRA,Brazil,non_hospital,Environmental cleaning,2009,100,194517552,Insufficient data
BRA,Brazil,government,Environmental cleaning,2009,100,194517552,Insufficient data
BRA,Brazil,non_government,Environmental cleaning,2009,100,194517552,Insufficient data
BRA,Brazil,total,Hygiene,2009,100,194517552,Insufficient data
BRA,Brazil,urban,Hygiene,2009,100,163480336,Insufficient data
BRA,Brazil,rural,Hygiene,2009,100,31037224,Insufficient data
BRA,Brazil,hospital,Hygiene,2009,100,194517552,Insufficient data
BRA,Brazil,non_hospital,Hygiene,2009,100,194517552,Insufficient data
BRA,Brazil,government,Hygiene,2009,100,194517552,Insufficient data
BRA,Brazil,non_government,Hygiene,2009,100,194517552,Insufficient data
BRA,Brazil,total,Sanitation,2009,0,0,Insufficient data
BRA,Brazil,urban,Sanitation,2009,100,163480336,Insufficient data
BRA,Brazil,rural,Sanitation,2009,100,31037224,Insufficient data
BRA,Brazil,hospital,Sanitation,2009,100,194517552,Insufficient data
BRA,Brazil,non_hospital,Sanitation,2009,0,0,Insufficient data
BRA,Brazil,government,Sanitation,2009,89.1748,173460637.9609,Insufficient data
BRA,Brazil,non_government,Sanitation,2009,87.7893,170765597.27794,Insufficient data
BRA,Brazil,total,Water,2009,11.1151,21620820.42235,Insufficient data
BRA,Brazil,urban,Water,2009,100,163480336,Insufficient data
BRA,Brazil,rural,Water,2009,100,31037224,Insufficient data
BRA,Brazil,hospital,Water,2009,100,194517552,Insufficient data
BRA,Brazil,non_hospital,Water,2009,11.1151,21620820.42235,Insufficient data
BRA,Brazil,government,Water,2009,100,194517552,Insufficient data
BRA,Brazil,non_government,Water,2009,100,194517552,Insufficient data
BRA,Brazil,total,Health care waste,2009,81.05447,157665166.09907,Insufficient data
BRA,Brazil,urban,Health care waste,2009,100,163480336,Insufficient data
BRA,Brazil,rural,Health care waste,2009,100,31037224,Insufficient data
BRA,Brazil,hospital,Health care waste,2009,100,194517552,Insufficient data
BRA,Brazil,non_hospital,Health care waste,2009,100,194517552,Insufficient data
BRA,Brazil,government,Health care waste,2009,87.62197,170440111.5839,Insufficient data
BRA,Brazil,non_government,Health care waste,2009,72.9266,141855031.8196,Insufficient data
BRA,Brazil,total,Sanitation,2009,9.73122,18928925.61289,No service
BRA,Brazil,non_hospital,Sanitation,2009,2.82707,5499140.87341,No service
BRA,Brazil,government,Sanitation,2009,10.8252,21056914.0391,No service
BRA,Brazil,non_government,Sanitation,2009,12.2107,23751954.72206,No service
BRA,Brazil,total,Health care waste,2009,18.94553,36852385.90093,No service
BRA,Brazil,government,Health care waste,2009,12.37803,24077440.4161,No service
BRA,Brazil,non_government,Health care waste,2009,27.0734,52662520.1804,No service
BRA,Brazil,total,Sanitation,2010,24.08466,47291064.55739,Basic service
BRA,Brazil,non_hospital,Sanitation,2010,32.30508,63432157.92631,Basic service
BRA,Brazil,total,Water,2010,88.8849,174528601.45531,Basic service
BRA,Brazil,non_hospital,Water,2010,88.8849,174528601.45531,Basic service
BRA,Brazil,total,Sanitation,2010,67.57062,132677266.13291,Limited service
BRA,Brazil,non_hospital,Sanitation,2010,64.86785,127370286.06561,Limited service
BRA,Brazil,total,Environmental cleaning,2010,100,196353488,Insufficient data
BRA,Brazil,urban,Environmental cleaning,2010,100,165594720,Insufficient data
BRA,Brazil,rural,Environmental cleaning,2010,100,30758776,Insufficient data
BRA,Brazil,hospital,Environmental cleaning,2010,100,196353488,Insufficient data
BRA,Brazil,non_hospital,Environmental cleaning,2010,100,196353488,Insufficient data
BRA,Brazil,government,Environmental cleaning,2010,100,196353488,Insufficient data
BRA,Brazil,non_government,Environmental cleaning,2010,100,196353488,Insufficient data
BRA,Brazil,total,Hygiene,2010,100,196353488,Insufficient data
BRA,Brazil,urban,Hygiene,2010,100,165594720,Insufficient data
BRA,Brazil,rural,Hygiene,2010,100,30758776,Insufficient data
BRA,Brazil,hospital,Hygiene,2010,100,196353488,Insufficient data
BRA,Brazil,non_hospital,Hygiene,2010,100,196353488,Insufficient data
BRA,Brazil,government,Hygiene,2010,100,196353488,Insufficient data
BRA,Brazil,non_government,Hygiene,2010,100,196353488,Insufficient data
BRA,Brazil,total,Sanitation,2010,0,0,Insufficient data
BRA,Brazil,urban,Sanitation,2010,100,165594720,Insufficient data
BRA,Brazil,rural,Sanitation,2010,100,30758776,Insufficient data
BRA,Brazil,hospital,Sanitation,2010,100,196353488,Insufficient data
BRA,Brazil,non_hospital,Sanitation,2010,0,0,Insufficient data
BRA,Brazil,government,Sanitation,2010,90.41127,177525692.00777,Insufficient data
BRA,Brazil,non_government,Sanitation,2010,88.22146,173225918.78336,Insufficient data
BRA,Brazil,total,Water,2010,11.1151,21824886.54469,Insufficient data
BRA,Brazil,urban,Water,2010,100,165594720,Insufficient data
BRA,Brazil,rural,Water,2010,100,30758776,Insufficient data
BRA,Brazil,hospital,Water,2010,100,196353488,Insufficient data
BRA,Brazil,non_hospital,Water,2010,11.1151,21824886.54469,Insufficient data
BRA,Brazil,government,Water,2010,100,196353488,Insufficient data
BRA,Brazil,non_government,Water,2010,100,196353488,Insufficient data
BRA,Brazil,total,Health care waste,2010,81.87334,160761159.89347,Insufficient data
BRA,Brazil,urban,Health care waste,2010,100,165594720,Insufficient data
BRA,Brazil,rural,Health care waste,2010,100,30758776,Insufficient data
BRA,Brazil,hospital,Health care waste,2010,100,196353488,Insufficient data
BRA,Brazil,non_hospital,Health care waste,2010,100,196353488,Insufficient data
BRA,Brazil,government,Health care waste,2010,88.73986,174243814.6018,Insufficient data
BRA,Brazil,non_government,Health care waste,2010,73.53968,144397723.55993,Insufficient data
BRA,Brazil,total,Sanitation,2010,8.34472,16385157.30971,No service
BRA,Brazil,non_hospital,Sanitation,2010,2.82707,5551044.00809,No service
BRA,Brazil,government,Sanitation,2010,9.58873,18827795.99223,No service
BRA,Brazil,non_government,Sanitation,2010,11.77854,23127569.21664,No service
BRA,Brazil,total,Health care waste,2010,18.12666,35592328.10653,No service
BRA,Brazil,government,Health care waste,2010,11.26014,22109673.3982,No service
BRA,Brazil,non_government,Health care waste,2010,26.46032,51955764.44007,No service
BRA,Brazil,total,Sanitation,2011,27.1031,53714355.37459,Basic service
BRA,Brazil,non_hospital,Sanitation,2011,32.30508,64023925.02721,Basic service
BRA,Brazil,total,Water,2011,88.8849,176156802.1643,Basic service
BRA,Brazil,non_hospital,Water,2011,88.8849,176156802.1643,Basic service
BRA,Brazil,total,Sanitation,2011,65.93867,130680749.10027,Limited service
BRA,Brazil,non_hospital,Sanitation,2011,64.86785,128558540.53134,Limited service
BRA,Brazil,total,Environmental cleaning,2011,100,198185296,Insufficient data
BRA,Brazil,urban,Environmental cleaning,2011,100,167726208,Insufficient data
BRA,Brazil,rural,Environmental cleaning,2011,100,30459096,Insufficient data
BRA,Brazil,hospital,Environmental cleaning,2011,100,198185296,Insufficient data
BRA,Brazil,non_hospital,Environmental cleaning,2011,100,198185296,Insufficient data
BRA,Brazil,government,Environmental cleaning,2011,100,198185296,Insufficient data
BRA,Brazil,non_government,Environmental cleaning,2011,100,198185296,Insufficient data
BRA,Brazil,total,Hygiene,2011,100,198185296,Insufficient data
BRA,Brazil,urban,Hygiene,2011,100,167726208,Insufficient data
BRA,Brazil,rural,Hygiene,2011,100,30459096,Insufficient data
BRA,Brazil,hospital,Hygiene,2011,100,198185296,Insufficient data
BRA,Brazil,non_hospital,Hygiene,2011,100,198185296,Insufficient data
BRA,Brazil,government,Hygiene,2011,100,198185296,Insufficient data
BRA,Brazil,non_government,Hygiene,2011,100,198185296,Insufficient data
BRA,Brazil,total,Sanitation,2011,0,0,Insufficient data
BRA,Brazil,urban,Sanitation,2011,100,167726208,Insufficient data
BRA,Brazil,rural,Sanitation,2011,100,30459096,Insufficient data
BRA,Brazil,hospital,Sanitation,2011,100,198185296,Insufficient data
BRA,Brazil,non_hospital,Sanitation,2011,0,0,Insufficient data
BRA,Brazil,government,Sanitation,2011,91.64775,181632364.61484,Insufficient data
BRA,Brazil,non_government,Sanitation,2011,88.65362,175698449.12098,Insufficient data
BRA,Brazil,total,Water,2011,11.1151,22028493.8357,Insufficient data
BRA,Brazil,urban,Water,2011,100,167726208,Insufficient data
BRA,Brazil,rural,Water,2011,100,30459096,Insufficient data
BRA,Brazil,hospital,Water,2011,100,198185296,Insufficient data
BRA,Brazil,non_hospital,Water,2011,11.1151,22028493.8357,Insufficient data
BRA,Brazil,government,Water,2011,100,198185296,Insufficient data
BRA,Brazil,non_government,Water,2011,100,198185296,Insufficient data
BRA,Brazil,total,Health care waste,2011,82.69221,163883808.12071,Insufficient data
BRA,Brazil,urban,Health care waste,2011,100,167726208,Insufficient data
BRA,Brazil,rural,Health care waste,2011,100,30459096,Insufficient data
BRA,Brazil,hospital,Health care waste,2011,100,198185296,Insufficient data
BRA,Brazil,non_hospital,Health care waste,2011,100,198185296,Insufficient data
BRA,Brazil,government,Health care waste,2011,89.85775,178084855.85098,Insufficient data
BRA,Brazil,non_government,Health care waste,2011,74.15276,146959865.8269,Insufficient data
BRA,Brazil,total,Sanitation,2011,6.95823,13790191.52514,No service
BRA,Brazil,non_hospital,Sanitation,2011,2.82707,5602830.44145,No service
BRA,Brazil,government,Sanitation,2011,8.35225,16552931.38516,No service
BRA,Brazil,non_government,Sanitation,2011,11.34638,22486846.87902,No service
BRA,Brazil,total,Health care waste,2011,17.30779,34301487.87929,No service
BRA,Brazil,government,Health care waste,2011,10.14225,20100440.14902,No service
BRA,Brazil,non_government,Health care waste,2011,25.84724,51225430.1731,No service
BRA,Brazil,total,Sanitation,2012,30.12154,60236364.80083,Basic service
BRA,Brazil,non_hospital,Sanitation,2012,32.30508,64602966.50969,Basic service
BRA,Brazil,total,Water,2012,88.8849,177749989.33349,Basic service
BRA,Brazil,non_hospital,Water,2012,88.8849,177749989.33349,Basic service
BRA,Brazil,total,Sanitation,2012,64.30672,128599112.05456,Limited service
BRA,Brazil,non_hospital,Sanitation,2012,64.86785,129721242.25359,Limited service
BRA,Brazil,total,Environmental cleaning,2012,100,199977712,Insufficient data
BRA,Brazil,urban,Environmental cleaning,2012,100,169827056,Insufficient data
BRA,Brazil,rural,Environmental cleaning,2012,100,30150640,Insufficient data
BRA,Brazil,hospital,Environmental cleaning,2012,100,199977712,Insufficient data
BRA,Brazil,non_hospital,Environmental cleaning,2012,100,199977712,Insufficient data
BRA,Brazil,government,Environmental cleaning,2012,100,199977712,Insufficient data
BRA,Brazil,non_government,Environmental cleaning,2012,100,199977712,Insufficient data
BRA,Brazil,total,Hygiene,2012,100,199977712,Insufficient data
BRA,Brazil,urban,Hygiene,2012,100,169827056,Insufficient data
BRA,Brazil,rural,Hygiene,2012,100,30150640,Insufficient data
BRA,Brazil,hospital,Hygiene,2012,100,199977712,Insufficient data
BRA,Brazil,non_hospital,Hygiene,2012,100,199977712,Insufficient data
BRA,Brazil,government,Hygiene,2012,100,199977712,Insufficient data
BRA,Brazil,non_government,Hygiene,2012,100,199977712,Insufficient data
BRA,Brazil,total,Sanitation,2012,0,0,Insufficient data
BRA,Brazil,urban,Sanitation,2012,100,169827056,Insufficient data
BRA,Brazil,rural,Sanitation,2012,100,30150640,Insufficient data
BRA,Brazil,hospital,Sanitation,2012,100,199977712,Insufficient data
BRA,Brazil,non_hospital,Sanitation,2012,0,0,Insufficient data
BRA,Brazil,government,Sanitation,2012,91.64775,183275073.54948,Insufficient data
BRA,Brazil,non_government,Sanitation,2012,88.65362,177287490.88006,Insufficient data
BRA,Brazil,total,Water,2012,11.1151,22227722.66651,Insufficient data
BRA,Brazil,urban,Water,2012,100,169827056,Insufficient data
BRA,Brazil,rural,Water,2012,100,30150640,Insufficient data
BRA,Brazil,hospital,Water,2012,100,199977712,Insufficient data
BRA,Brazil,non_hospital,Water,2012,11.1151,22227722.66651,Insufficient data
BRA,Brazil,government,Water,2012,100,199977712,Insufficient data
BRA,Brazil,non_government,Water,2012,100,199977712,Insufficient data
BRA,Brazil,total,Health care waste,2012,82.69221,165365996.58648,Insufficient data
BRA,Brazil,urban,Health care waste,2012,100,169827056,Insufficient data
BRA,Brazil,rural,Health care waste,2012,100,30150640,Insufficient data
BRA,Brazil,hospital,Health care waste,2012,100,199977712,Insufficient data
BRA,Brazil,non_hospital,Health care waste,2012,100,199977712,Insufficient data
BRA,Brazil,government,Health care waste,2012,89.85775,179695480.61188,Insufficient data
BRA,Brazil,non_government,Health care waste,2012,74.15276,148288991.75189,Insufficient data
BRA,Brazil,total,Sanitation,2012,5.57174,11142235.14461,No service
BRA,Brazil,non_hospital,Sanitation,2012,2.82707,5653503.23671,No service
BRA,Brazil,government,Sanitation,2012,8.35225,16702638.45052,No service
BRA,Brazil,non_government,Sanitation,2012,11.34638,22690221.11994,No service
BRA,Brazil,total,Health care waste,2012,17.30779,34611715.41352,No service
BRA,Brazil,government,Health care waste,2012,10.14225,20282231.38812,No service
BRA,Brazil,non_government,Health care waste,2012,25.84724,51688720.24811,No service
BRA,Brazil,total,Sanitation,2013,33.13998,66850551.11872,Basic service
BRA,Brazil,non_hospital,Sanitation,2013,32.30508,65166382.66947,Basic service
BRA,Brazil,total,Water,2013,88.8849,179300184.65424,Basic service
BRA,Brazil,non_hospital,Water,2013,88.8849,179300184.65424,Basic service
BRA,Brazil,total,Sanitation,2013,62.67477,126428657.87892,Limited service
BRA,Brazil,non_hospital,Sanitation,2013,64.86785,130852568.69416,Limited service
BRA,Brazil,total,Environmental cleaning,2013,100,201721760,Insufficient data
BRA,Brazil,urban,Environmental cleaning,2013,100,171885088,Insufficient data
BRA,Brazil,rural,Environmental cleaning,2013,100,29836666,Insufficient data
BRA,Brazil,hospital,Environmental cleaning,2013,100,201721760,Insufficient data
BRA,Brazil,non_hospital,Environmental cleaning,2013,100,201721760,Insufficient data
BRA,Brazil,government,Environmental cleaning,2013,100,201721760,Insufficient data
BRA,Brazil,non_government,Environmental cleaning,2013,100,201721760,Insufficient data
BRA,Brazil,total,Hygiene,2013,100,201721760,Insufficient data
BRA,Brazil,urban,Hygiene,2013,100,171885088,Insufficient data
BRA,Brazil,rural,Hygiene,2013,100,29836666,Insufficient data
BRA,Brazil,hospital,Hygiene,2013,100,201721760,Insufficient data
BRA,Brazil,non_hospital,Hygiene,2013,100,201721760,Insufficient data
BRA,Brazil,government,Hygiene,2013,100,201721760,Insufficient data
BRA,Brazil,non_government,Hygiene,2013,100,201721760,Insufficient data
BRA,Brazil,total,Sanitation,2013,0,0,Insufficient data
BRA,Brazil,urban,Sanitation,2013,100,171885088,Insufficient data
BRA,Brazil,rural,Sanitation,2013,100,29836666,Insufficient data
BRA,Brazil,hospital,Sanitation,2013,80.455,162295242.008,Insufficient data
BRA,Brazil,non_hospital,Sanitation,2013,0,0,Insufficient data
BRA,Brazil,government,Sanitation,2013,91.64775,184873454.3004,Insufficient data
BRA,Brazil,non_government,Sanitation,2013,88.65362,178833652.6538,Insufficient data
BRA,Brazil,total,Water,2013,11.1151,22421575.34576,Insufficient data
BRA,Brazil,urban,Water,2013,100,171885088,Insufficient data
BRA,Brazil,rural,Water,2013,100,29836666,Insufficient data
BRA,Brazil,hospital,Water,2013,100,201721760,Insufficient data
BRA,Brazil,non_hospital,Water,2013,11.1151,22421575.34576,Insufficient data
BRA,Brazil,government,Water,2013,100,201721760,Insufficient data
BRA,Brazil,non_government,Water,2013,100,201721760,Insufficient data
BRA,Brazil,total,Health care waste,2013,82.69221,166808188.48242,Insufficient data
BRA,Brazil,urban,Health care waste,2013,100,171885088,Insufficient data
BRA,Brazil,rural,Health care waste,2013,100,29836666,Insufficient data
BRA,Brazil,hospital,Health care waste,2013,100,201721760,Insufficient data
BRA,Brazil,non_hospital,Health care waste,2013,100,201721760,Insufficient data
BRA,Brazil,government,Health care waste,2013,89.85775,181262642.97431,Insufficient data
BRA,Brazil,non_government,Health care waste,2013,74.15276,149582251.47019,Insufficient data
BRA,Brazil,total,Sanitation,2013,4.18525,8442551.00236,No service
BRA,Brazil,hospital,Sanitation,2013,19.545,39426517.992,No service
BRA,Brazil,non_hospital,Sanitation,2013,2.82707,5702808.63637,No service
BRA,Brazil,government,Sanitation,2013,8.35225,16848305.6996,No service
BRA,Brazil,non_government,Sanitation,2013,11.34638,22888107.3462,No service
BRA,Brazil,total,Health care waste,2013,17.30779,34913571.51758,No service
BRA,Brazil,government,Health care waste,2013,10.14225,20459117.02569,No service
BRA,Brazil,non_government,Health care waste,2013,25.84724,52139508.52981,No service
BRA,Brazil,total,Sanitation,2014,36.15842,73567796.19604,Basic service
BRA,Brazil,non_hospital,Sanitation,2014,32.30508,65727808.83611,Basic service
BRA,Brazil,total,Water,2014,88.8849,180844904.66515,Basic service
BRA,Brazil,non_hospital,Water,2014,88.8849,180844904.66515,Basic service
BRA,Brazil,total,Sanitation,2014,61.04283,124197519.55136,Limited service
BRA,Brazil,non_hospital,Sanitation,2014,64.86785,131979899.27517,Limited service
BRA,Brazil,total,Environmental cleaning,2014,100,203459648,Insufficient data
BRA,Brazil,urban,Environmental cleaning,2014,100,173941728,Insufficient data
BRA,Brazil,rural,Environmental cleaning,2014,100,29517920,Insufficient data
BRA,Brazil,hospital,Environmental cleaning,2014,100,203459648,Insufficient data
BRA,Brazil,non_hospital,Environmental cleaning,2014,100,203459648,Insufficient data
BRA,Brazil,government,Environmental cleaning,2014,100,203459648,Insufficient data
BRA,Brazil,non_government,Environmental cleaning,2014,100,203459648,Insufficient data
BRA,Brazil,total,Hygiene,2014,100,203459648,Insufficient data
BRA,Brazil,urban,Hygiene,2014,100,173941728,Insufficient data
BRA,Brazil,rural,Hygiene,2014,100,29517920,Insufficient data
BRA,Brazil,hospital,Hygiene,2014,100,203459648,Insufficient data
BRA,Brazil,non_hospital,Hygiene,2014,100,203459648,Insufficient data
BRA,Brazil,government,Hygiene,2014,100,203459648,Insufficient data
BRA,Brazil,non_government,Hygiene,2014,100,203459648,Insufficient data
BRA,Brazil,total,Sanitation,2014,0,0,Insufficient data
BRA,Brazil,urban,Sanitation,2014,100,173941728,Insufficient data
BRA,Brazil,rural,Sanitation,2014,100,29517920,Insufficient data
BRA,Brazil,hospital,Sanitation,2014,80.455,163693459.7984,Insufficient data
BRA,Brazil,non_hospital,Sanitation,2014,0,0,Insufficient data
BRA,Brazil,government,Sanitation,2014,91.64775,186466189.54992,Insufficient data
BRA,Brazil,non_government,Sanitation,2014,88.65362,180374353.36424,Insufficient data
BRA,Brazil,total,Water,2014,11.1151,22614743.33485,Insufficient data
BRA,Brazil,urban,Water,2014,100,173941728,Insufficient data
BRA,Brazil,rural,Water,2014,100,29517920,Insufficient data
BRA,Brazil,hospital,Water,2014,100,203459648,Insufficient data
BRA,Brazil,non_hospital,Water,2014,11.1151,22614743.33485,Insufficient data
BRA,Brazil,government,Water,2014,100,203459648,Insufficient data
BRA,Brazil,non_government,Water,2014,100,203459648,Insufficient data
BRA,Brazil,total,Health care waste,2014,82.69221,168245286.538,Insufficient data
BRA,Brazil,urban,Health care waste,2014,100,173941728,Insufficient data
BRA,Brazil,rural,Health care waste,2014,100,29517920,Insufficient data
BRA,Brazil,hospital,Health care waste,2014,100,203459648,Insufficient data
BRA,Brazil,non_hospital,Health care waste,2014,100,203459648,Insufficient data
BRA,Brazil,government,Health care waste,2014,89.85775,182824270.09908,Insufficient data
BRA,Brazil,non_government,Health care waste,2014,74.15276,150870943.3785,Insufficient data
BRA,Brazil,total,Sanitation,2014,2.79875,5694332.2526,No service
BRA,Brazil,hospital,Sanitation,2014,19.545,39766188.2016,No service
BRA,Brazil,non_hospital,Sanitation,2014,2.82707,5751939.88873,No service
BRA,Brazil,government,Sanitation,2014,8.35225,16993458.45008,No service
BRA,Brazil,non_government,Sanitation,2014,11.34638,23085294.63576,No service
BRA,Brazil,total,Health care waste,2014,17.30779,35214361.462,No service
BRA,Brazil,government,Health care waste,2014,10.14225,20635377.90092,No service
BRA,Brazil,non_government,Health care waste,2014,25.84724,52588704.6215,No service
BRA,Brazil,total,Sanitation,2015,39.17686,80386301.10193,Basic service
BRA,Brazil,non_hospital,Sanitation,2015,32.30508,66286221.58457,Basic service
BRA,Brazil,total,Water,2015,88.8849,182381333.49259,Basic service
BRA,Brazil,non_hospital,Water,2015,88.8849,182381333.49259,Basic service
BRA,Brazil,total,Sanitation,2015,59.41088,121904116.51923,Limited service
BRA,Brazil,non_hospital,Sanitation,2015,64.86785,133101178.98313,Limited service
BRA,Brazil,total,Environmental cleaning,2015,100,205188208,Insufficient data
BRA,Brazil,urban,Environmental cleaning,2015,100,175989920,Insufficient data
BRA,Brazil,rural,Environmental cleaning,2015,100,29198284,Insufficient data
BRA,Brazil,hospital,Environmental cleaning,2015,100,205188208,Insufficient data
BRA,Brazil,non_hospital,Environmental cleaning,2015,100,205188208,Insufficient data
BRA,Brazil,government,Environmental cleaning,2015,100,205188208,Insufficient data
BRA,Brazil,non_government,Environmental cleaning,2015,100,205188208,Insufficient data
BRA,Brazil,total,Hygiene,2015,100,205188208,Insufficient data
BRA,Brazil,urban,Hygiene,2015,100,175989920,Insufficient data
BRA,Brazil,rural,Hygiene,2015,100,29198284,Insufficient data
BRA,Brazil,hospital,Hygiene,2015,100,205188208,Insufficient data
BRA,Brazil,non_hospital,Hygiene,2015,100,205188208,Insufficient data
BRA,Brazil,government,Hygiene,2015,100,205188208,Insufficient data
BRA,Brazil,non_government,Hygiene,2015,100,205188208,Insufficient data
BRA,Brazil,total,Sanitation,2015,0,0,Insufficient data
BRA,Brazil,urban,Sanitation,2015,100,175989920,Insufficient data
BRA,Brazil,rural,Sanitation,2015,100,29198284,Insufficient data
BRA,Brazil,hospital,Sanitation,2015,80.455,165084172.7464,Insufficient data
BRA,Brazil,non_hospital,Sanitation,2015,0,0,Insufficient data
BRA,Brazil,government,Sanitation,2015,91.64775,188050375.89732,Insufficient data
BRA,Brazil,non_government,Sanitation,2015,88.65362,181906784.46454,Insufficient data
BRA,Brazil,total,Water,2015,11.1151,22806874.50741,Insufficient data
BRA,Brazil,urban,Water,2015,100,175989920,Insufficient data
BRA,Brazil,rural,Water,2015,100,29198284,Insufficient data
BRA,Brazil,hospital,Water,2015,100,205188208,Insufficient data
BRA,Brazil,non_hospital,Water,2015,11.1151,22806874.50741,Insufficient data
BRA,Brazil,government,Water,2015,100,205188208,Insufficient data
BRA,Brazil,non_government,Water,2015,100,205188208,Insufficient data
BRA,Brazil,total,Health care waste,2015,82.69221,169674671.06391,Insufficient data
BRA,Brazil,urban,Health care waste,2015,100,175989920,Insufficient data
BRA,Brazil,rural,Health care waste,2015,100,29198284,Insufficient data
BRA,Brazil,hospital,Health care waste,2015,100,205188208,Insufficient data
BRA,Brazil,non_hospital,Health care waste,2015,100,205188208,Insufficient data
BRA,Brazil,government,Health care waste,2015,89.85775,184377515.29256,Insufficient data
BRA,Brazil,non_government,Health care waste,2015,74.15276,152152718.31742,Insufficient data
BRA,Brazil,total,Sanitation,2015,1.41226,2897790.37884,No service
BRA,Brazil,hospital,Sanitation,2015,19.545,40104035.2536,No service
BRA,Brazil,non_hospital,Sanitation,2015,2.82707,5800807.4323,No service
BRA,Brazil,government,Sanitation,2015,8.35225,17137832.10268,No service
BRA,Brazil,non_government,Sanitation,2015,11.34638,23281423.53546,No service
BRA,Brazil,total,Health care waste,2015,17.30779,35513536.93609,No service
BRA,Brazil,government,Health care waste,2015,10.14225,20810692.70744,No service
BRA,Brazil,non_government,Health care waste,2015,25.84724,53035489.68258,No service
BRA,Brazil,total,Sanitation,2016,42.1953,87285028.17169,Basic service
BRA,Brazil,non_hospital,Sanitation,2016,32.30508,66826160.99419,Basic service
BRA,Brazil,total,Water,2016,88.8849,183866934.37882,Basic service
BRA,Brazil,non_hospital,Water,2016,88.8849,183866934.37882,Basic service
BRA,Brazil,total,Sanitation,2016,57.77893,119521254.78202,Limited service
BRA,Brazil,non_hospital,Sanitation,2016,64.86785,134185364.65974,Limited service
BRA,Brazil,total,Environmental cleaning,2016,100,206859584,Insufficient data
BRA,Brazil,urban,Environmental cleaning,2016,100,177986112,Insufficient data
BRA,Brazil,rural,Environmental cleaning,2016,100,28873462,Insufficient data
BRA,Brazil,hospital,Environmental cleaning,2016,100,206859584,Insufficient data
BRA,Brazil,non_hospital,Environmental cleaning,2016,100,206859584,Insufficient data
BRA,Brazil,government,Environmental cleaning,2016,100,206859584,Insufficient data
BRA,Brazil,non_government,Environmental cleaning,2016,100,206859584,Insufficient data
BRA,Brazil,total,Hygiene,2016,100,206859584,Insufficient data
BRA,Brazil,urban,Hygiene,2016,100,177986112,Insufficient data
BRA,Brazil,rural,Hygiene,2016,100,28873462,Insufficient data
BRA,Brazil,hospital,Hygiene,2016,100,206859584,Insufficient data
BRA,Brazil,non_hospital,Hygiene,2016,100,206859584,Insufficient data
BRA,Brazil,government,Hygiene,2016,100,206859584,Insufficient data
BRA,Brazil,non_government,Hygiene,2016,100,206859584,Insufficient data
BRA,Brazil,total,Sanitation,2016,0,0,Insufficient data
BRA,Brazil,urban,Sanitation,2016,100,177986112,Insufficient data
BRA,Brazil,rural,Sanitation,2016,100,28873462,Insufficient data
BRA,Brazil,hospital,Sanitation,2016,80.455,166428878.3072,Insufficient data
BRA,Brazil,non_hospital,Sanitation,2016,0,0,Insufficient data
BRA,Brazil,government,Sanitation,2016,100,206859584,Insufficient data
BRA,Brazil,non_government,Sanitation,2016,100,206859584,Insufficient data
BRA,Brazil,total,Water,2016,11.1151,22992649.62118,Insufficient data
BRA,Brazil,urban,Water,2016,100,177986112,Insufficient data
BRA,Brazil,rural,Water,2016,100,28873462,Insufficient data
BRA,Brazil,hospital,Water,2016,100,206859584,Insufficient data
BRA,Brazil,non_hospital,Water,2016,11.1151,22992649.62118,Insufficient data
BRA,Brazil,government,Water,2016,100,206859584,Insufficient data
BRA,Brazil,non_government,Water,2016,100,206859584,Insufficient data
BRA,Brazil,total,Health care waste,2016,100,206859584,Insufficient data
BRA,Brazil,urban,Health care waste,2016,100,177986112,Insufficient data
BRA,Brazil,rural,Health care waste,2016,100,28873462,Insufficient data
BRA,Brazil,hospital,Health care waste,2016,100,206859584,Insufficient data
BRA,Brazil,non_hospital,Health care waste,2016,100,206859584,Insufficient data
BRA,Brazil,government,Health care waste,2016,100,206859584,Insufficient data
BRA,Brazil,non_government,Health care waste,2016,100,206859584,Insufficient data
BRA,Brazil,total,Sanitation,2016,0.02577,53301.0463,No service
BRA,Brazil,hospital,Sanitation,2016,19.545,40430705.6928,No service
BRA,Brazil,non_hospital,Sanitation,2016,2.82707,5848058.34607,No service
BRA,Brazil,total,Sanitation,2017,45.21374,94272898.66338,Basic service
BRA,Brazil,non_hospital,Sanitation,2017,32.30508,67357701.08213,Basic service
BRA,Brazil,total,Sanitation,2017,54.78626,114232061.33662,Limited service
BRA,Brazil,non_hospital,Sanitation,2017,64.86785,135252684.69536,Limited service
BRA,Brazil,total,Environmental cleaning,2017,100,208504960,Insufficient data
BRA,Brazil,urban,Environmental cleaning,2017,100,179958544,Insufficient data
BRA,Brazil,rural,Environmental cleaning,2017,100,28546418,Insufficient data
BRA,Brazil,hospital,Environmental cleaning,2017,100,208504960,Insufficient data
BRA,Brazil,non_hospital,Environmental cleaning,2017,100,208504960,Insufficient data
BRA,Brazil,government,Environmental cleaning,2017,100,208504960,Insufficient data
BRA,Brazil,non_government,Environmental cleaning,2017,100,208504960,Insufficient data
BRA,Brazil,total,Hygiene,2017,100,208504960,Insufficient data
BRA,Brazil,urban,Hygiene,2017,100,179958544,Insufficient data
BRA,Brazil,rural,Hygiene,2017,100,28546418,Insufficient data
BRA,Brazil,hospital,Hygiene,2017,100,208504960,Insufficient data
BRA,Brazil,non_hospital,Hygiene,2017,100,208504960,Insufficient data
BRA,Brazil,government,Hygiene,2017,100,208504960,Insufficient data
BRA,Brazil,non_government,Hygiene,2017,100,208504960,Insufficient data
BRA,Brazil,total,Sanitation,2017,0,0,Insufficient data
BRA,Brazil,urban,Sanitation,2017,100,179958544,Insufficient data
BRA,Brazil,rural,Sanitation,2017,100,28546418,Insufficient data
BRA,Brazil,hospital,Sanitation,2017,80.455,167752665.568,Insufficient data
BRA,Brazil,non_hospital,Sanitation,2017,0,0,Insufficient data
BRA,Brazil,government,Sanitation,2017,100,208504960,Insufficient data
BRA,Brazil,non_government,Sanitation,2017,100,208504960,Insufficient data
BRA,Brazil,total,Water,2017,100,208504960,Insufficient data
BRA,Brazil,urban,Water,2017,100,179958544,Insufficient data
BRA,Brazil,rural,Water,2017,100,28546418,Insufficient data
BRA,Brazil,hospital,Water,2017,100,208504960,Insufficient data
BRA,Brazil,non_hospital,Water,2017,100,208504960,Insufficient data
BRA,Brazil,government,Water,2017,100,208504960,Insufficient data
BRA,Brazil,non_government,Water,2017,100,208504960,Insufficient data
BRA,Brazil,total,Health care waste,2017,100,208504960,Insufficient data
BRA,Brazil,urban,Health care waste,2017,100,179958544,Insufficient data
BRA,Brazil,rural,Health care waste,2017,100,28546418,Insufficient data
BRA,Brazil,hospital,Health care waste,2017,100,208504960,Insufficient data
BRA,Brazil,non_hospital,Health care waste,2017,100,208504960,Insufficient data
BRA,Brazil,government,Health care waste,2017,100,208504960,Insufficient data
BRA,Brazil,non_government,Health care waste,2017,100,208504960,Insufficient data
BRA,Brazil,total,Sanitation,2017,0,0,No service
BRA,Brazil,hospital,Sanitation,2017,19.545,40752294.432,No service
BRA,Brazil,non_hospital,Sanitation,2017,2.82707,5894574.22251,No service
BRA,Brazil,total,Sanitation,2018,45.21374,95024184.70066,Basic service
BRA,Brazil,non_hospital,Sanitation,2018,32.30508,67894492.68443,Basic service
BRA,Brazil,total,Sanitation,2018,54.78626,115142407.29934,Limited service
BRA,Brazil,non_hospital,Sanitation,2018,64.86785,136330549.64867,Limited service
BRA,Brazil,total,Environmental cleaning,2018,100,210166592,Insufficient data
BRA,Brazil,urban,Environmental cleaning,2018,100,181939104,Insufficient data
BRA,Brazil,rural,Environmental cleaning,2018,100,28227476,Insufficient data
BRA,Brazil,hospital,Environmental cleaning,2018,100,210166592,Insufficient data
BRA,Brazil,non_hospital,Environmental cleaning,2018,100,210166592,Insufficient data
BRA,Brazil,government,Environmental cleaning,2018,100,210166592,Insufficient data
BRA,Brazil,non_government,Environmental cleaning,2018,100,210166592,Insufficient data
BRA,Brazil,total,Hygiene,2018,100,210166592,Insufficient data
BRA,Brazil,urban,Hygiene,2018,100,181939104,Insufficient data
BRA,Brazil,rural,Hygiene,2018,100,28227476,Insufficient data
BRA,Brazil,hospital,Hygiene,2018,100,210166592,Insufficient data
BRA,Brazil,non_hospital,Hygiene,2018,98.5,207014093.12,Insufficient data
BRA,Brazil,government,Hygiene,2018,100,210166592,Insufficient data
BRA,Brazil,non_government,Hygiene,2018,100,210166592,Insufficient data
BRA,Brazil,total,Sanitation,2018,0,0,Insufficient data
BRA,Brazil,urban,Sanitation,2018,100,181939104,Insufficient data
BRA,Brazil,rural,Sanitation,2018,100,28227476,Insufficient data
BRA,Brazil,hospital,Sanitation,2018,80.455,169089531.5936,Insufficient data
BRA,Brazil,non_hospital,Sanitation,2018,0,0,Insufficient data
BRA,Brazil,government,Sanitation,2018,100,210166592,Insufficient data
BRA,Brazil,non_government,Sanitation,2018,100,210166592,Insufficient data
BRA,Brazil,total,Water,2018,100,210166592,Insufficient data
BRA,Brazil,urban,Water,2018,100,181939104,Insufficient data
BRA,Brazil,rural,Water,2018,100,28227476,Insufficient data
BRA,Brazil,hospital,Water,2018,100,210166592,Insufficient data
BRA,Brazil,non_hospital,Water,2018,100,210166592,Insufficient data
BRA,Brazil,government,Water,2018,100,210166592,Insufficient data
BRA,Brazil,non_government,Water,2018,100,210166592,Insufficient data
BRA,Brazil,total,Health care waste,2018,100,210166592,Insufficient data
BRA,Brazil,urban,Health care waste,2018,100,181939104,Insufficient data
BRA,Brazil,rural,Health care waste,2018,100,28227476,Insufficient data
BRA,Brazil,hospital,Health care waste,2018,100,210166592,Insufficient data
BRA,Brazil,non_hospital,Health care waste,2018,100,210166592,Insufficient data
BRA,Brazil,government,Health care waste,2018,100,210166592,Insufficient data
BRA,Brazil,non_government,Health care waste,2018,100,210166592,Insufficient data
BRA,Brazil,non_hospital,Hygiene,2018,1.5,3152498.88,No service
BRA,Brazil,total,Sanitation,2018,0,0,No service
BRA,Brazil,hospital,Sanitation,2018,19.545,41077060.4064,No service
BRA,Brazil,non_hospital,Sanitation,2018,2.82707,5941549.6669,No service
BRA,Brazil,total,Sanitation,2019,45.21374,95754969.0179,Basic service
BRA,Brazil,non_hospital,Sanitation,2019,32.30508,68416635.86973,Basic service
BRA,Brazil,total,Sanitation,2019,54.78626,116027910.9821,Limited service
BRA,Brazil,non_hospital,Sanitation,2019,64.86785,137379000.92408,Limited service
BRA,Brazil,total,Environmental cleaning,2019,100,211782880,Insufficient data
BRA,Brazil,urban,Environmental cleaning,2019,100,183878352,Insufficient data
BRA,Brazil,rural,Environmental cleaning,2019,100,27904512,Insufficient data
BRA,Brazil,hospital,Environmental cleaning,2019,100,211782880,Insufficient data
BRA,Brazil,non_hospital,Environmental cleaning,2019,100,211782880,Insufficient data
BRA,Brazil,government,Environmental cleaning,2019,100,211782880,Insufficient data
BRA,Brazil,non_government,Environmental cleaning,2019,100,211782880,Insufficient data
BRA,Brazil,total,Hygiene,2019,100,211782880,Insufficient data
BRA,Brazil,urban,Hygiene,2019,100,183878352,Insufficient data
BRA,Brazil,rural,Hygiene,2019,100,27904512,Insufficient data
BRA,Brazil,hospital,Hygiene,2019,100,211782880,Insufficient data
BRA,Brazil,non_hospital,Hygiene,2019,98.5,208606136.8,Insufficient data
BRA,Brazil,government,Hygiene,2019,100,211782880,Insufficient data
BRA,Brazil,non_government,Hygiene,2019,100,211782880,Insufficient data
BRA,Brazil,total,Sanitation,2019,0,0,Insufficient data
BRA,Brazil,urban,Sanitation,2019,100,183878352,Insufficient data
BRA,Brazil,rural,Sanitation,2019,100,27904512,Insufficient data
BRA,Brazil,hospital,Sanitation,2019,80.455,170389916.104,Insufficient data
BRA,Brazil,non_hospital,Sanitation,2019,0,0,Insufficient data
BRA,Brazil,government,Sanitation,2019,100,211782880,Insufficient data
BRA,Brazil,non_government,Sanitation,2019,100,211782880,Insufficient data
BRA,Brazil,total,Water,2019,100,211782880,Insufficient data
BRA,Brazil,urban,Water,2019,100,183878352,Insufficient data
BRA,Brazil,rural,Water,2019,100,27904512,Insufficient data
BRA,Brazil,hospital,Water,2019,100,211782880,Insufficient data
BRA,Brazil,non_hospital,Water,2019,100,211782880,Insufficient data
BRA,Brazil,government,Water,2019,100,211782880,Insufficient data
BRA,Brazil,non_government,Water,2019,100,211782880,Insufficient data
BRA,Brazil,total,Health care waste,2019,100,211782880,Insufficient data
BRA,Brazil,urban,Health care waste,2019,100,183878352,Insufficient data
BRA,Brazil,rural,Health care waste,2019,100,27904512,Insufficient data
BRA,Brazil,hospital,Health care waste,2019,100,211782880,Insufficient data
BRA,Brazil,non_hospital,Health care waste,2019,100,211782880,Insufficient data
BRA,Brazil,government,Health care waste,2019,100,211782880,Insufficient data
BRA,Brazil,non_government,Health care waste,2019,100,211782880,Insufficient data
BRA,Brazil,non_hospital,Hygiene,2019,1.5,3176743.2,No service
BRA,Brazil,total,Sanitation,2019,0,0,No service
BRA,Brazil,hospital,Sanitation,2019,19.545,41392963.896,No service
BRA,Brazil,non_hospital,Sanitation,2019,2.82707,5987243.20619,No service
BRA,Brazil,total,Sanitation,2020,45.21374,96394030.92568,Basic service
BRA,Brazil,non_hospital,Sanitation,2020,32.30508,68873243.67079,Basic service
BRA,Brazil,total,Sanitation,2020,54.78626,116802273.07432,Limited service
BRA,Brazil,non_hospital,Sanitation,2020,64.86785,138295858.68426,Limited service
BRA,Brazil,total,Environmental cleaning,2020,100,213196304,Insufficient data
BRA,Brazil,urban,Environmental cleaning,2020,100,185636416,Insufficient data
BRA,Brazil,rural,Environmental cleaning,2020,100,27559890,Insufficient data
BRA,Brazil,hospital,Environmental cleaning,2020,100,213196304,Insufficient data
BRA,Brazil,non_hospital,Environmental cleaning,2020,100,213196304,Insufficient data
BRA,Brazil,government,Environmental cleaning,2020,100,213196304,Insufficient data
BRA,Brazil,non_government,Environmental cleaning,2020,100,213196304,Insufficient data
BRA,Brazil,total,Hygiene,2020,100,213196304,Insufficient data
BRA,Brazil,urban,Hygiene,2020,100,185636416,Insufficient data
BRA,Brazil,rural,Hygiene,2020,100,27559890,Insufficient data
BRA,Brazil,hospital,Hygiene,2020,100,213196304,Insufficient data
BRA,Brazil,non_hospital,Hygiene,2020,98.5,209998359.44,Insufficient data
BRA,Brazil,government,Hygiene,2020,100,213196304,Insufficient data
BRA,Brazil,non_government,Hygiene,2020,100,213196304,Insufficient data
BRA,Brazil,total,Sanitation,2020,0,0,Insufficient data
BRA,Brazil,urban,Sanitation,2020,100,185636416,Insufficient data
BRA,Brazil,rural,Sanitation,2020,100,27559890,Insufficient data
BRA,Brazil,hospital,Sanitation,2020,80.455,171527086.3832,Insufficient data
BRA,Brazil,non_hospital,Sanitation,2020,0,0,Insufficient data
BRA,Brazil,government,Sanitation,2020,100,213196304,Insufficient data
BRA,Brazil,non_government,Sanitation,2020,100,213196304,Insufficient data
BRA,Brazil,total,Water,2020,100,213196304,Insufficient data
BRA,Brazil,urban,Water,2020,100,185636416,Insufficient data
BRA,Brazil,rural,Water,2020,100,27559890,Insufficient data
BRA,Brazil,hospital,Water,2020,100,213196304,Insufficient data
BRA,Brazil,non_hospital,Water,2020,100,213196304,Insufficient data
BRA,Brazil,government,Water,2020,100,213196304,Insufficient data
BRA,Brazil,non_government,Water,2020,100,213196304,Insufficient data
BRA,Brazil,total,Health care waste,2020,100,213196304,Insufficient data
BRA,Brazil,urban,Health care waste,2020,100,185636416,Insufficient data
BRA,Brazil,rural,Health care waste,2020,100,27559890,Insufficient data
BRA,Brazil,hospital,Health care waste,2020,100,213196304,Insufficient data
BRA,Brazil,non_hospital,Health care waste,2020,100,213196304,Insufficient data
BRA,Brazil,government,Health care waste,2020,100,213196304,Insufficient data
BRA,Brazil,non_government,Health care waste,2020,100,213196304,Insufficient data
BRA,Brazil,non_hospital,Hygiene,2020,1.5,3197944.56,No service
BRA,Brazil,total,Sanitation,2020,0,0,No service
BRA,Brazil,hospital,Sanitation,2020,19.545,41669217.6168,No service
BRA,Brazil,non_hospital,Sanitation,2020,2.82707,6027201.64495,No service
BRA,Brazil,total,Sanitation,2021,45.21374,96904910.06092,Basic service
BRA,Brazil,non_hospital,Sanitation,2021,32.30508,69238265.26839,Basic service
BRA,Brazil,total,Sanitation,2021,54.78626,117421313.93908,Limited service
BRA,Brazil,non_hospital,Sanitation,2021,64.86785,139028813.49498,Limited service
BRA,Brazil,total,Environmental cleaning,2021,100,214326224,Insufficient data
BRA,Brazil,urban,Environmental cleaning,2021,100,187143232,Insufficient data
BRA,Brazil,rural,Environmental cleaning,2021,100,27182990,Insufficient data
BRA,Brazil,hospital,Environmental cleaning,2021,100,214326224,Insufficient data
BRA,Brazil,non_hospital,Environmental cleaning,2021,100,214326224,Insufficient data
BRA,Brazil,government,Environmental cleaning,2021,100,214326224,Insufficient data
BRA,Brazil,non_government,Environmental cleaning,2021,100,214326224,Insufficient data
BRA,Brazil,total,Hygiene,2021,100,214326224,Insufficient data
BRA,Brazil,urban,Hygiene,2021,100,187143232,Insufficient data
BRA,Brazil,rural,Hygiene,2021,100,27182990,Insufficient data
BRA,Brazil,hospital,Hygiene,2021,100,214326224,Insufficient data
BRA,Brazil,non_hospital,Hygiene,2021,98.5,211111330.64,Insufficient data
BRA,Brazil,government,Hygiene,2021,100,214326224,Insufficient data
BRA,Brazil,non_government,Hygiene,2021,100,214326224,Insufficient data
BRA,Brazil,total,Sanitation,2021,0,0,Insufficient data
BRA,Brazil,urban,Sanitation,2021,100,187143232,Insufficient data
BRA,Brazil,rural,Sanitation,2021,100,27182990,Insufficient data
BRA,Brazil,hospital,Sanitation,2021,80.455,172436163.5192,Insufficient data
BRA,Brazil,non_hospital,Sanitation,2021,0,0,Insufficient data
BRA,Brazil,government,Sanitation,2021,100,214326224,Insufficient data
BRA,Brazil,non_government,Sanitation,2021,100,214326224,Insufficient data
BRA,Brazil,total,Water,2021,100,214326224,Insufficient data
BRA,Brazil,urban,Water,2021,100,187143232,Insufficient data
BRA,Brazil,rural,Water,2021,100,27182990,Insufficient data
BRA,Brazil,hospital,Water,2021,100,214326224,Insufficient data
BRA,Brazil,non_hospital,Water,2021,100,214326224,Insufficient data
BRA,Brazil,government,Water,2021,100,214326224,Insufficient data
BRA,Brazil,non_government,Water,2021,100,214326224,Insufficient data
BRA,Brazil,total,Health care waste,2021,100,214326224,Insufficient data
BRA,Brazil,urban,Health care waste,2021,100,187143232,Insufficient data
BRA,Brazil,rural,Health care waste,2021,100,27182990,Insufficient data
BRA,Brazil,hospital,Health care waste,2021,100,214326224,Insufficient data
BRA,Brazil,non_hospital,Health care waste,2021,100,214326224,Insufficient data
BRA,Brazil,government,Health care waste,2021,100,214326224,Insufficient data
BRA,Brazil,non_government,Health care waste,2021,100,214326224,Insufficient data
BRA,Brazil,non_hospital,Hygiene,2021,1.5,3214893.36,No service
BRA,Brazil,total,Sanitation,2021,0,0,No service
BRA,Brazil,hospital,Sanitation,2021,19.545,41890060.4808,No service
BRA,Brazil,non_hospital,Sanitation,2021,2.82707,6059145.23663,No service
BRA,Brazil,total,Environmental cleaning,2022,100,215313504,Insufficient data
BRA,Brazil,urban,Environmental cleaning,2022,100,188517728,Insufficient data
BRA,Brazil,rural,Environmental cleaning,2022,100,26795772,Insufficient data
BRA,Brazil,hospital,Environmental cleaning,2022,100,215313504,Insufficient data
BRA,Brazil,non_hospital,Environmental cleaning,2022,100,215313504,Insufficient data
BRA,Brazil,government,Environmental cleaning,2022,100,215313504,Insufficient data
BRA,Brazil,non_government,Environmental cleaning,2022,100,215313504,Insufficient data
BRA,Brazil,total,Hygiene,2022,100,215313504,Insufficient data
BRA,Brazil,urban,Hygiene,2022,100,188517728,Insufficient data
BRA,Brazil,rural,Hygiene,2022,100,26795772,Insufficient data
BRA,Brazil,hospital,Hygiene,2022,100,215313504,Insufficient data
BRA,Brazil,non_hospital,Hygiene,2022,98.5,212083801.44,Insufficient data
BRA,Brazil,government,Hygiene,2022,100,215313504,Insufficient data
BRA,Brazil,non_government,Hygiene,2022,100,215313504,Insufficient data
BRA,Brazil,total,Sanitation,2022,100,215313504,Insufficient data
BRA,Brazil,urban,Sanitation,2022,100,188517728,Insufficient data
BRA,Brazil,rural,Sanitation,2022,100,26795772,Insufficient data
BRA,Brazil,hospital,Sanitation,2022,80.455,173230479.6432,Insufficient data
BRA,Brazil,non_hospital,Sanitation,2022,100,215313504,Insufficient data
BRA,Brazil,government,Sanitation,2022,100,215313504,Insufficient data
BRA,Brazil,non_government,Sanitation,2022,100,215313504,Insufficient data
BRA,Brazil,total,Water,2022,100,215313504,Insufficient data
BRA,Brazil,urban,Water,2022,100,188517728,Insufficient data
BRA,Brazil,rural,Water,2022,100,26795772,Insufficient data
BRA,Brazil,hospital,Water,2022,100,215313504,Insufficient data
BRA,Brazil,non_hospital,Water,2022,100,215313504,Insufficient data
BRA,Brazil,government,Water,2022,100,215313504,Insufficient data
BRA,Brazil,non_government,Water,2022,100,215313504,Insufficient data
BRA,Brazil,total,Health care waste,2022,100,215313504,Insufficient data
BRA,Brazil,urban,Health care waste,2022,100,188517728,Insufficient data
BRA,Brazil,rural,Health care waste,2022,100,26795772,Insufficient data
BRA,Brazil,hospital,Health care waste,2022,100,215313504,Insufficient data
BRA,Brazil,non_hospital,Health care waste,2022,100,215313504,Insufficient data
BRA,Brazil,government,Health care waste,2022,100,215313504,Insufficient data
BRA,Brazil,non_government,Health care waste,2022,100,215313504,Insufficient data
BRA,Brazil,non_hospital,Hygiene,2022,1.5,3229702.56,No service
BRA,Brazil,total,Sanitation,2022,0,0,No service
BRA,Brazil,hospital,Sanitation,2022,19.545,42083024.3568,No service
BRA,Brazil,total,Environmental cleaning,2023,100,216422448,Insufficient data
BRA,Brazil,urban,Environmental cleaning,2023,100,189992944,Insufficient data
BRA,Brazil,rural,Environmental cleaning,2023,100,26429514,Insufficient data
BRA,Brazil,hospital,Environmental cleaning,2023,100,216422448,Insufficient data
BRA,Brazil,non_hospital,Environmental cleaning,2023,100,216422448,Insufficient data
BRA,Brazil,government,Environmental cleaning,2023,100,216422448,Insufficient data
BRA,Brazil,non_government,Environmental cleaning,2023,100,216422448,Insufficient data
BRA,Brazil,total,Hygiene,2023,100,216422448,Insufficient data
BRA,Brazil,urban,Hygiene,2023,100,189992944,Insufficient data
BRA,Brazil,rural,Hygiene,2023,100,26429514,Insufficient data
BRA,Brazil,hospital,Hygiene,2023,100,216422448,Insufficient data
BRA,Brazil,non_hospital,Hygiene,2023,98.5,213176111.28,Insufficient data
BRA,Brazil,government,Hygiene,2023,100,216422448,Insufficient data
BRA,Brazil,non_government,Hygiene,2023,100,216422448,Insufficient data
BRA,Brazil,total,Sanitation,2023,100,216422448,Insufficient data
BRA,Brazil,urban,Sanitation,2023,100,189992944,Insufficient data
BRA,Brazil,rural,Sanitation,2023,100,26429514,Insufficient data
BRA,Brazil,hospital,Sanitation,2023,80.455,174122680.5384,Insufficient data
BRA,Brazil,non_hospital,Sanitation,2023,100,216422448,Insufficient data
BRA,Brazil,government,Sanitation,2023,100,216422448,Insufficient data
BRA,Brazil,non_government,Sanitation,2023,100,216422448,Insufficient data
BRA,Brazil,total,Water,2023,100,216422448,Insufficient data
BRA,Brazil,urban,Water,2023,100,189992944,Insufficient data
BRA,Brazil,rural,Water,2023,100,26429514,Insufficient data
BRA,Brazil,hospital,Water,2023,100,216422448,Insufficient data
BRA,Brazil,non_hospital,Water,2023,100,216422448,Insufficient data
BRA,Brazil,government,Water,2023,100,216422448,Insufficient data
BRA,Brazil,non_government,Water,2023,100,216422448,Insufficient data
BRA,Brazil,total,Health care waste,2023,100,216422448,Insufficient data
BRA,Brazil,urban,Health care waste,2023,100,189992944,Insufficient data
BRA,Brazil,rural,Health care waste,2023,100,26429514,Insufficient data
BRA,Brazil,hospital,Health care waste,2023,100,216422448,Insufficient data
BRA,Brazil,non_hospital,Health care waste,2023,100,216422448,Insufficient data
BRA,Brazil,government,Health care waste,2023,100,216422448,Insufficient data
BRA,Brazil,non_government,Health care waste,2023,100,216422448,Insufficient data
BRA,Brazil,non_hospital,Hygiene,2023,1.5,3246336.72,No service
BRA,Brazil,total,Sanitation,2023,0,0,No service
BRA,Brazil,hospital,Sanitation,2023,19.545,42299767.4616,No service
